{
  "C": 0.016237767391887217,
  "test_metrics": {
    "logloss": 0.5777055380540069,
    "auc": 0.7675266050210512,
    "accuracy": 0.6970879730608809,
    "f1": 0.692964083469087,
    "recall": 0.6958790994780713
  },
  "timestamp": "20251105_170608"
}